Product URL,Product Name,Product Price,Rating,Number of Reviews
,,,,Price and other details may vary based on product size and colour.
/African-Business-Shoulder-Material-Resistant/dp/B07MNY1DM1,ZOUK Black Printed Handmade Vegan Leather Women's Office Bag for 15.6 inch Laptop with Double Handles - African Art,"1,699",4.4 out of 5 stars,4.4
/American-Tourister-Polypropylene-FO1-002/dp/B08CS9NC8Y,American Tourister Ivy Polypropylene 68 cms Black Hardsided Check-in Luggage (FO1 (0) 09 002),"3,499",4.2 out of 5 stars,4.2
/HP-Odyssey-Backpack-15-6-inch-Laptop/dp/B012K57MYE,HP Odyssey Backpack for 15.6-inch Laptop (Grey/Green),"2,459",4.5 out of 5 stars,4.5
,,,,
/Polyester-Crossbody-Messenger-Business-Spacious/dp/B09TL193PL,CRALOFT Polyester Side Bag For Men/Sling Bag/Crossbody Tablet Messenger Bag For Office Business Travel (Extra Spacious),529,4.3 out of 5 stars,4.3
/Lenovo-GX40Q17226-15-6-Inch-Casual-Backpack/dp/B075Y7H8V6,Lenovo Casual Laptop Backpack B210 39.62 cm (15.6-inch) Water Repellent Blue,942,4.2 out of 5 stars,4.2
/F-Gear-String-LTR-Gym-Bag/dp/B07L4ZNBPQ,F Gear String 13 Ltr Gym Bag (Black),189,4.2 out of 5 stars,4.2
/Gear-Classic-Leather-Backpack-LBPCLSLTH0101/dp/B07G4D13LB,Gear Classic 20L Faux Leather Water Resistant Anti Theft Laptop Bag/Backpack for Men/Women-Black,999,4.4 out of 5 stars,4.4
/Tabelito%C2%AE-Basic-Laptop-Sleeve-Surfacepro/dp/B09NDTCZ4N,Tabelito® Basic Laptop Bag Sleeve Case Cover Pouch for 15.6 Inch(39.6cm) Laptop Apple / Dell / Lenovo / Asus / Hp / Samsung / Mi / MacBook / Ultrabook / Thinkpad / Ideapad / Surfacepro (Blue),299,4.2 out of 5 stars,4.2
/Aavishkar-Polyster-Weight-Laptop-Backpack/dp/B08DLL3794,Truvic Polyster Black Light Weight Laptop Bag 30 ltrs Laptop Backpack for Upto 15.6 inch Laptop (Black),599,3.4 out of 5 stars,3.4
/Nivia-5227-Junior-Others-Orange/dp/B08D7QKCX5,"Nivia 5227 Pulse Junior Bag, Others (Orange) (ORNAGE)",369,3.7 out of 5 stars,3.7
,,,,
/Clownfish-Trident-Laptop-Briefcase-Messenger/dp/B079HZJTK2,The Clownfish Trident Series Laptop Briefcase 15.6 inch Laptop Bag Messenger Bag (Dark Brown),"1,819",4.4 out of 5 stars,4.4
/Backpack-15-6inch-Resistant-Anti-Theft-Charging/dp/B07TW713SC,"Arctic Hunter Backpack, 15.6 Inch Laptop Bag for Men Business Backpack for Office Travel College 28L Water Resistant Anti-Theft Laptop Backpack with USB Charging Port for Men and Women, Black","2,374",4.1 out of 5 stars,4.1
/Isle-Coco-Hidesign-Womens-Sling/dp/B07L6D1VFK,Hidesign Women Sling Bag (Blue),"1,599",4.3 out of 5 stars,4.3
/Kuber-Industries-Embroidery-Occasions-HS_38_KUBMART21477/dp/B095C9DPDM,"Kuber Industries Embroidery Small Hand Bag, Tote Bag, Purse For Daily Trips, Travel, Office & All Occasions For Women & Girls (Gold)-HS_38_KUBMART21477",149,3.7 out of 5 stars,3.7
/LXE-ECONO-ASHLYN-VINTAGE-BLUE/dp/B09MK23GB8,Baggit Women's Sling Bag,777,4.4 out of 5 stars,4.4
/Kraptick-backpack-maternity-nursing-mothers/dp/B0BFWJFS62,"Kraptick Diaper bag backpack, diaper bags for mom for travel, baby diaper bag, maternity bags for mother and baby, nursing bags for mothers, diaper bag handbag",975,5.0 out of 5 stars,5.0
/s/?k=bags+for+girls&ref=sugsr_0&pd_rd_w=Pxr7t&content-id=amzn1.sym.c16802f7-e9f2-4a7a-ace2-b13748bc8783:amzn1.sym.c16802f7-e9f2-4a7a-ace2-b13748bc8783&pf_rd_p=c16802f7-e9f2-4a7a-ace2-b13748bc8783&pf_rd_r=4B22NGPS7BZRB3R3QN71&pd_rd_wg=rCeut&pd_rd_r=337351f0-bd86-4941-b323-416a0b535b16&qid=1675238062,,,,"
                                                    bags for girls
                                                "
,,,,
/gp/help/customer/display.html?nodeId=200533820,,,, or 
